,age,bmi,children,charges
age,1.0,0.10927188154853508,0.04246899855884957,0.299008193330648
bmi,0.10927188154853508,1.0,0.012758900820673984,0.19834096883362903
children,0.04246899855884957,0.012758900820673984,1.0,0.06799822684790495
charges,0.299008193330648,0.19834096883362903,0.06799822684790495,1.0
