{
  "model_name": "GradientBoosting(n=500)",
  "mae": 2510.580370061376,
  "rmse": 4354.555709713161,
  "r2": 0.8968080018042052
}