{
    "MAE": 4177.04556103632,
    "MSE": 35478020.675235614,
    "RMSE": 5956.342894363589,
    "R2": 0.8069287081198011
}